{
    "metadata": {
        "type": "Geometry",
        "generator": "io_three",
        "normals": 20,
        "vertices": 102,
        "version": 3,
        "uvs": 0,
        "faces": 52
    },
    "normals": [0,1,0,0,0.894406,0.447188,0,0.707083,0.707083,0.036439,0.999298,0.007935,0.031617,0.999451,0.006867,-0.021241,0.999756,-0.004212,-0.015625,0.999847,-0.003082,0.00998,0.998413,0.055147,0.010804,0.998138,0.059694,-0.00296,0.999878,-0.014893,-0.003601,0.999817,-0.01825,0,0.999969,0,-0.003204,0.999847,-0.016205,-0.003143,0.999847,-0.015809,-0.015107,0.999878,-0.002991,-0.018159,0.999817,-0.003601,0.032868,0.99942,0.007141,0.035249,0.999329,0.00766,0.010651,0.998199,0.05887,0.010926,0.998108,0.060366],
    "vertices": [-0.96,0,0.96,0.96,0,0.96,-0.96,-0,-0.96,0.96,-0,-0.96,0.96,0,0.96,0.96,-0,-0.96,1.92,0,0.96,1.92,-0,-0.96,3.84,0,0.96,3.84,-0,-0.96,-3.84,0,0.96,-3.84,-0,-0.96,-0.96,0,3.84,0.96,0,3.84,-0.96,-0,-3.84,0.96,-0,-3.84,-3.17786,-0.022376,-7.43508,-3.99484,-0.022376,-7.35461,-4.78042,-0.022376,-7.11631,-5.50442,-0.022376,-6.72933,-6.13901,-0.022376,-6.20853,-6.6598,-0.022376,-5.57394,-7.04679,-0.022376,-4.84994,-7.28509,-0.022376,-4.06436,-7.36556,-0.022376,-3.24738,-7.28509,-0.022376,-2.4304,-7.04679,-0.022376,-1.64482,-6.6598,-0.022376,-0.920818,-6.13901,-0.022376,-0.286228,-5.50442,-0.022376,0.234567,-4.78042,-0.022375,0.621552,0.691073,-0.022376,-4.84995,0.304087,-0.022376,-5.57395,-0.216709,-0.022376,-6.20853,-0.8513,-0.022376,-6.72933,-1.5753,-0.022376,-7.11631,-2.36088,-0.022376,-7.35462,-3.17786,-0.022376,-5.51923,-3.62107,-0.022376,-5.47557,-4.04726,-0.022376,-5.34629,-4.44003,-0.022376,-5.13635,-4.7843,-0.022376,-4.85382,-5.06683,-0.022376,-4.50955,-5.27677,-0.022376,-4.11678,-5.40605,-0.022376,-3.6906,-5.4497,-0.022376,-3.24738,-5.40605,-0.022376,-2.80416,-5.27677,-0.022376,-2.37798,-5.06683,-0.022376,-1.98521,-4.7843,-0.022376,-1.64094,-4.44003,-0.022376,-1.35841,-4.04726,-0.022376,-1.14847,-1.07894,-0.022376,-4.11678,-1.28889,-0.022376,-4.50955,-1.57142,-0.022376,-4.85382,-1.91569,-0.022376,-5.13635,-2.30846,-0.022376,-5.34629,-2.73464,-0.022376,-5.47558,2.60086,-0.045411,5.28844,2.17974,-0.045411,5.14352,1.79498,-0.045411,4.91922,1.46137,-0.045411,4.62418,1.19174,-0.045411,4.26971,0.959786,-0.045411,3.86946,4.07228,-0.045411,1.01272,4.45703,-0.045411,1.23702,4.79064,-0.045411,1.53206,5.06027,-0.045411,1.88653,5.25558,-0.045411,2.28678,5.36904,-0.045411,2.71744,5.3963,-0.045411,3.16197,5.33632,-0.045411,3.60327,5.1914,-0.045411,4.02439,4.96711,-0.045411,4.40915,4.67206,-0.045411,4.74275,4.3176,-0.045411,5.01239,3.91735,-0.045411,5.20769,3.48668,-0.045411,5.32115,3.04216,-0.045411,5.34842,2.158,-0.045411,7.1524,1.38175,-0.045411,6.88527,0.672523,-0.045411,6.47183,0.057585,-0.045411,5.92797,-0.439434,-0.045411,5.27459,-0.799435,-0.045411,4.5368,4.87027,-0.045411,-0.72903,5.57949,-0.045411,-0.315587,6.19443,-0.045411,0.228273,6.69145,-0.045411,0.881653,7.05145,-0.045411,1.61944,7.26059,-0.045411,2.41328,7.31085,-0.045411,3.23268,7.20029,-0.045411,4.04613,6.93315,-0.045411,4.82238,6.51971,-0.045411,5.5316,5.97585,-0.045411,6.14654,5.32247,-0.045411,6.64356,4.58468,-0.045411,7.00356,3.79084,-0.045411,7.21271,2.97145,-0.045411,7.26297,0.96,0,3.45907,-0.96,0,3.41948],
    "name": "Circle.002Geometry",
    "uvs": [],
    "faces": [33,0,1,3,2,0,1,1,0,33,3,1,4,5,1,1,2,2,33,5,4,6,7,2,2,0,0,33,7,6,8,9,0,0,3,4,33,0,2,11,10,0,0,5,6,33,100,101,12,13,0,0,7,8,33,2,3,15,14,0,1,9,10,33,16,17,38,37,0,0,11,11,33,27,28,49,48,0,0,0,11,33,36,16,37,57,0,0,11,11,33,25,26,47,46,11,0,0,0,33,34,35,56,55,0,0,0,0,33,23,24,45,44,11,0,0,0,33,32,33,54,53,0,0,0,11,33,21,22,43,42,0,11,0,0,33,14,15,31,52,10,9,12,13,33,19,20,41,40,0,0,11,11,33,10,11,51,30,6,5,14,15,33,17,18,39,38,0,0,11,11,33,28,29,50,49,0,0,11,0,33,26,27,48,47,0,0,11,0,33,35,36,57,56,0,0,11,0,33,24,25,46,45,0,11,0,0,33,33,34,55,54,0,0,0,0,33,22,23,44,43,11,11,0,0,33,31,32,53,52,12,0,11,13,33,20,21,42,41,0,0,0,11,33,18,19,40,39,0,0,11,11,33,29,30,51,50,0,15,14,11,33,86,85,64,65,0,16,17,11,33,97,96,75,76,0,0,11,11,33,95,94,73,74,0,11,11,11,33,84,83,62,63,18,0,0,19,33,93,92,71,72,11,0,0,0,33,82,81,60,61,0,0,0,0,33,91,90,69,70,0,0,0,0,33,80,79,58,59,0,11,0,0,33,89,88,67,68,0,0,0,0,33,87,86,65,66,11,0,11,0,33,98,97,76,77,0,0,11,0,33,96,95,74,75,0,0,11,11,33,94,93,72,73,11,11,0,11,33,83,82,61,62,0,0,0,0,33,92,91,70,71,0,0,0,0,33,81,80,59,60,0,0,0,0,33,90,89,68,69,0,0,0,0,33,79,99,78,58,11,0,11,0,33,88,87,66,67,0,11,0,0,33,99,98,77,78,0,0,0,11,33,1,0,101,100,1,0,0,0,33,13,12,84,63,8,7,18,19,33,9,8,64,85,4,3,17,16]
}