{
    "metadata": {
        "vertices": 102,
        "normals": 20,
        "uvs": 1,
        "faces": 52,
        "version": 3,
        "type": "Geometry",
        "generator": "io_three"
    },
    "vertices": [-0.96,0,0.96,0.96,0,0.96,-0.96,-0,-0.96,0.96,-0,-0.96,0.96,0,0.96,0.96,-0,-0.96,1.92,0,0.96,1.92,-0,-0.96,3.84,0,0.96,3.84,-0,-0.96,-3.84,0,0.96,-3.84,-0,-0.96,-0.96,0,3.84,0.96,0,3.84,-0.96,-0,-3.84,0.96,-0,-3.84,-3.17786,-0.022376,-7.43508,-3.99484,-0.022376,-7.35461,-4.78042,-0.022376,-7.11631,-5.50442,-0.022376,-6.72933,-6.13901,-0.022376,-6.20853,-6.6598,-0.022376,-5.57394,-7.04679,-0.022376,-4.84994,-7.28509,-0.022376,-4.06436,-7.36556,-0.022376,-3.24738,-7.28509,-0.022376,-2.4304,-7.04679,-0.022376,-1.64482,-6.6598,-0.022376,-0.920818,-6.13901,-0.022376,-0.286228,-5.50442,-0.022376,0.234567,-4.78042,-0.022375,0.621552,0.691073,-0.022376,-4.84995,0.304087,-0.022376,-5.57395,-0.216709,-0.022376,-6.20853,-0.8513,-0.022376,-6.72933,-1.5753,-0.022376,-7.11631,-2.36088,-0.022376,-7.35462,-3.17786,-0.022376,-5.51923,-3.62107,-0.022376,-5.47557,-4.04726,-0.022376,-5.34629,-4.44003,-0.022376,-5.13635,-4.7843,-0.022376,-4.85382,-5.06683,-0.022376,-4.50955,-5.27677,-0.022376,-4.11678,-5.40605,-0.022376,-3.6906,-5.4497,-0.022376,-3.24738,-5.40605,-0.022376,-2.80416,-5.27677,-0.022376,-2.37798,-5.06683,-0.022376,-1.98521,-4.7843,-0.022376,-1.64094,-4.44003,-0.022376,-1.35841,-4.04726,-0.022376,-1.14847,-1.07894,-0.022376,-4.11678,-1.28889,-0.022376,-4.50955,-1.57142,-0.022376,-4.85382,-1.91569,-0.022376,-5.13635,-2.30846,-0.022376,-5.34629,-2.73464,-0.022376,-5.47558,2.60086,-0.045411,5.28844,2.17974,-0.045411,5.14352,1.79498,-0.045411,4.91922,1.46137,-0.045411,4.62418,1.19174,-0.045411,4.26971,0.959786,-0.045411,3.86946,4.07228,-0.045411,1.01272,4.45703,-0.045411,1.23702,4.79064,-0.045411,1.53206,5.06027,-0.045411,1.88653,5.25558,-0.045411,2.28678,5.36904,-0.045411,2.71744,5.3963,-0.045411,3.16197,5.33632,-0.045411,3.60327,5.1914,-0.045411,4.02439,4.96711,-0.045411,4.40915,4.67206,-0.045411,4.74275,4.3176,-0.045411,5.01239,3.91735,-0.045411,5.20769,3.48668,-0.045411,5.32115,3.04216,-0.045411,5.34842,2.158,-0.045411,7.1524,1.38175,-0.045411,6.88527,0.672523,-0.045411,6.47183,0.057585,-0.045411,5.92797,-0.439434,-0.045411,5.27459,-0.799435,-0.045411,4.5368,4.87027,-0.045411,-0.72903,5.57949,-0.045411,-0.315587,6.19443,-0.045411,0.228273,6.69145,-0.045411,0.881653,7.05145,-0.045411,1.61944,7.26059,-0.045411,2.41328,7.31085,-0.045411,3.23268,7.20029,-0.045411,4.04613,6.93315,-0.045411,4.82238,6.51971,-0.045411,5.5316,5.97585,-0.045411,6.14654,5.32247,-0.045411,6.64356,4.58468,-0.045411,7.00356,3.79084,-0.045411,7.21271,2.97145,-0.045411,7.26297,0.96,0,3.45907,-0.96,0,3.41948],
    "name": "Circle.002Geometry",
    "normals": [0,1,0,0,0.894406,0.447188,0,0.707083,0.707083,0.036439,0.999298,0.007935,0.031617,0.999451,0.006867,-0.021241,0.999756,-0.004212,-0.015625,0.999847,-0.003082,0.00998,0.998413,0.055147,0.010804,0.998138,0.059694,-0.00296,0.999878,-0.014893,-0.003601,0.999817,-0.01825,0,0.999969,0,-0.003204,0.999847,-0.016205,-0.003143,0.999847,-0.015809,-0.015107,0.999878,-0.002991,-0.018159,0.999817,-0.003601,0.032868,0.99942,0.007141,0.035249,0.999329,0.00766,0.010651,0.998199,0.05887,0.010926,0.998108,0.060366],
    "faces": [41,0,1,3,2,0,1,2,3,0,1,1,0,41,3,1,4,5,2,1,4,5,1,1,2,2,41,5,4,6,7,5,4,6,7,2,2,0,0,41,7,6,8,9,7,6,8,9,0,0,3,4,41,0,2,11,10,0,3,10,11,0,0,5,6,41,100,101,12,13,12,13,14,15,0,0,7,8,41,2,3,15,14,3,2,16,17,0,1,9,10,41,16,17,38,37,18,19,20,21,0,0,11,11,41,27,28,49,48,22,23,24,25,0,0,0,11,41,36,16,37,57,26,18,21,27,0,0,11,11,41,25,26,47,46,28,29,30,31,11,0,0,0,41,34,35,56,55,32,33,34,35,0,0,0,0,41,23,24,45,44,36,37,38,39,11,0,0,0,41,32,33,54,53,40,41,42,43,0,0,0,11,41,21,22,43,42,44,45,46,47,0,11,0,0,41,14,15,31,52,17,16,48,49,10,9,12,13,41,19,20,41,40,50,51,52,53,0,0,11,11,41,10,11,51,30,11,10,54,55,6,5,14,15,41,17,18,39,38,19,56,57,20,0,0,11,11,41,28,29,50,49,23,58,59,24,0,0,11,0,41,26,27,48,47,29,22,25,30,0,0,11,0,41,35,36,57,56,33,26,27,34,0,0,11,0,41,24,25,46,45,37,28,31,38,0,11,0,0,41,33,34,55,54,41,32,35,42,0,0,0,0,41,22,23,44,43,45,36,39,46,11,11,0,0,41,31,32,53,52,48,40,43,49,12,0,11,13,41,20,21,42,41,51,44,47,52,0,0,0,11,41,18,19,40,39,56,50,53,57,0,0,11,11,41,29,30,51,50,58,55,54,59,0,15,14,11,41,86,85,64,65,60,61,62,63,0,16,17,11,41,97,96,75,76,64,65,66,67,0,0,11,11,41,95,94,73,74,68,69,70,71,0,11,11,11,41,84,83,62,63,72,73,74,75,18,0,0,19,41,93,92,71,72,76,77,78,79,11,0,0,0,41,82,81,60,61,80,81,82,83,0,0,0,0,41,91,90,69,70,84,85,86,87,0,0,0,0,41,80,79,58,59,88,89,90,91,0,11,0,0,41,89,88,67,68,92,93,94,95,0,0,0,0,41,87,86,65,66,96,60,63,97,11,0,11,0,41,98,97,76,77,98,64,67,99,0,0,11,0,41,96,95,74,75,65,68,71,66,0,0,11,11,41,94,93,72,73,69,76,79,70,11,11,0,11,41,83,82,61,62,73,80,83,74,0,0,0,0,41,92,91,70,71,77,84,87,78,0,0,0,0,41,81,80,59,60,81,88,91,82,0,0,0,0,41,90,89,68,69,85,92,95,86,0,0,0,0,41,79,99,78,58,89,100,101,90,11,0,11,0,41,88,87,66,67,93,96,97,94,0,11,0,0,41,99,98,77,78,100,98,99,101,0,0,0,11,41,1,0,101,100,1,0,13,12,1,0,0,0,41,13,12,84,63,15,14,72,75,8,7,18,19,41,9,8,64,85,9,8,62,61,4,3,17,16],
    "uvs": [[0.437258,0.547513,0.443168,0.43663,0.556984,0.441663,0.550439,0.55445,0.443147,0.434502,0.556975,0.439656,0.445989,0.379927,0.55827,0.383227,0.450113,0.269622,0.559632,0.272291,0.540227,0.723983,0.427131,0.717271,0.30436,0.429762,0.296856,0.538197,0.27327,0.536501,0.283815,0.430779,0.726466,0.451542,0.719795,0.564516,0.92377,0.707627,0.916187,0.755449,0.806857,0.726899,0.81097,0.700957,0.528097,0.889932,0.492544,0.857055,0.577043,0.782012,0.596326,0.799849,0.921873,0.659243,0.809942,0.674712,0.614802,0.932007,0.569379,0.91524,0.618719,0.81358,0.643359,0.822678,0.890301,0.568191,0.910572,0.612161,0.803814,0.649172,0.792821,0.625318,0.711004,0.937702,0.662623,0.939592,0.669301,0.826793,0.695548,0.825768,0.826286,0.496164,0.861841,0.529023,0.777385,0.604068,0.758102,0.586238,0.802061,0.906148,0.758086,0.926409,0.72109,0.819642,0.744946,0.808651,0.785011,0.47088,0.735711,0.572512,0.874112,0.842151,0.841238,0.877698,0.766199,0.793216,0.784033,0.773932,0.550626,0.736895,0.443816,0.773883,0.899419,0.800872,0.797761,0.75154,0.464086,0.817871,0.561611,0.760755,0.524262,0.172907,0.547076,0.213369,0.447287,0.256323,0.435226,0.234376,0.113726,0.218304,0.134878,0.178033,0.223885,0.236672,0.212282,0.258644,0.163449,0.14257,0.198376,0.113276,0.258583,0.201426,0.239514,0.217356,0.228827,0.521068,0.19473,0.499111,0.258941,0.413923,0.281298,0.428505,0.238348,0.091277,0.281861,0.077419,0.304077,0.182001,0.280377,0.189489,0.161778,0.469842,0.134355,0.434829,0.223802,0.377949,0.239539,0.397551,0.32728,0.072243,0.372901,0.075965,0.353572,0.181366,0.328787,0.179255,0.113716,0.395081,0.100864,0.351933,0.205087,0.331942,0.212197,0.355819,0.417009,0.088473,0.457944,0.109334,0.399624,0.199703,0.377489,0.188264,0.494157,0.137814,0.419123,0.215266,0.10077,0.261835,0.205134,0.282444,0.096452,0.306952,0.202706,0.307182]]
}