{
    "name": "Cube.001Geometry",
    "normals": [-0.577349,-0.577349,-0.577349,-0.577349,-0.577349,0.577349,-0.577349,0.577349,0.577349,-0.577349,0.577349,-0.577349,0.577349,0.577349,-0.577349,0.577349,-0.577349,-0.577349,0.577349,0.577349,0.577349,0.577349,-0.577349,0.577349,0.577349,-0.577349,-0.577319,0.577319,-0.577349,0.577349,-0.577349,-0.577319,0.577319,-0.577319,0.577349,-0.577349,-0.577349,0.577349,0.577319,0.577319,0.577349,0.577349],
    "metadata": {
        "generator": "io_three",
        "version": 3,
        "normals": 14,
        "type": "Geometry",
        "faces": 18,
        "uvs": 1,
        "vertices": 24
    },
    "faces": [41,1,0,4,5,2,3,0,1,0,1,2,3,41,5,6,2,1,4,5,6,7,3,4,5,0,41,6,7,3,2,8,9,10,11,4,6,7,5,41,0,3,7,4,14,15,12,13,1,7,6,2,41,0,1,2,3,3,2,16,17,1,0,5,7,41,7,6,5,4,9,8,1,0,6,4,3,2,41,12,13,9,8,18,19,20,21,2,3,0,1,41,13,14,10,9,22,23,24,25,3,4,5,0,41,14,15,11,10,26,27,28,29,4,6,7,5,41,15,12,8,11,30,31,32,33,6,2,1,7,41,8,9,10,11,21,20,34,35,1,0,5,7,41,15,14,13,12,27,26,19,18,6,4,3,2,41,16,17,18,19,36,37,38,39,8,9,10,0,41,20,23,22,21,40,41,42,43,4,11,12,13,41,16,20,21,17,44,45,46,47,8,4,13,9,41,17,21,22,18,37,48,49,38,9,13,12,10,41,18,22,23,19,50,51,52,53,10,12,11,0,41,20,16,19,23,40,36,39,41,4,8,0,11],
    "uvs": [[0.266374,0.669626,0.281831,0.669626,0.281831,0.916653,0.266374,0.916653,0.146405,0.879574,0.128984,0.879574,0.128984,0.632546,0.146405,0.632546,0.281831,0.652206,0.266374,0.652206,0.266374,0.405179,0.281831,0.405179,0.163981,0.879574,0.14656,0.879574,0.146561,0.632546,0.163981,0.632546,0.281831,0.934074,0.266374,0.934074,0.297443,0.669627,0.281986,0.669627,0.281986,0.4226,0.297443,0.4226,0.181558,0.879574,0.164137,0.879574,0.164137,0.632546,0.181558,0.632546,0.281986,0.687047,0.297443,0.687047,0.297443,0.934074,0.281986,0.934074,0.199134,0.879574,0.181713,0.879574,0.181713,0.632546,0.199134,0.632546,0.281986,0.405179,0.297443,0.405179,0.460299,0.956684,0.768865,0.958023,0.768865,0.963409,0.460299,0.96207,0.387537,0.956683,0.387537,0.962069,0.078966,0.963627,0.078966,0.958242,0.900164,0.23537,0.900164,0.370854,0.090741,0.370854,0.090742,0.23537,0.841627,0.958024,0.841627,0.96341,0.900025,0.014703,0.900299,0.150187,0.090879,0.151821,0.090606,0.016337]],
    "vertices": [-1.24887,-6.90539,-6.02006,-1.24887,-6.90539,-6.57871,-0.619231,-6.90539,-6.57871,-0.619231,-6.90539,-6.02006,-1.24887,2.02287,-6.02006,-1.24887,2.02287,-6.57871,-0.619231,2.02287,-6.57871,-0.619231,2.02287,-6.02006,-1.24887,-6.91817,6.46277,-1.24887,-6.91817,5.90412,-0.619231,-6.91817,5.90412,-0.619231,-6.91817,6.46277,-1.24887,2.01009,6.46277,-1.24887,2.01009,5.90412,-0.619231,2.01009,5.90412,-0.619231,2.01009,6.46277,-0.851962,0.016798,-6.01214,-0.851962,0.016799,5.93642,-1,0.016799,5.93642,-1,0.016798,-6.01214,-0.851962,2.0168,-6.01214,-0.851963,2.0168,5.93642,-1,2.0168,5.93642,-1,2.0168,-6.01214]
}