{
    "normals": [0,-0.707083,-0.707083,0,-0.707083,0.707083,0,0.707083,-0.707083,0,0.707083,0.707083,-0.577349,0.577349,-0.577349,-0.577349,0.577349,0.577349,-0.577349,-0.577349,0.577349,-0.577349,-0.577349,-0.577349,0,-0.68569,-0.727866,0,0.68569,-0.727866,0.142003,0.68569,-0.713889,0.142003,-0.68569,-0.713889,0.278542,0.68569,-0.672475,0.278542,-0.68569,-0.672475,0.40437,0.68569,-0.605213,0.40437,-0.68569,-0.605213,0.514695,0.68569,-0.514664,0.514695,-0.68569,-0.514664,0.605213,0.68569,-0.40437,0.605213,-0.68569,-0.40437,0.672475,0.68569,-0.278542,0.672475,-0.68569,-0.278542,0.713889,0.68569,-0.141972,0.713889,-0.68569,-0.141972,0.727866,0.68569,0,0.727866,-0.68569,0,0.713889,0.68569,0.141972,0.713889,-0.68569,0.141972,0.672475,0.68569,0.278542,0.672475,-0.68569,0.278542,0.605213,0.68569,0.40437,0.605213,-0.68569,0.40437,0.514695,0.68569,0.514664,0.514695,-0.68569,0.514664,0.40437,0.68569,0.605213,0.40437,-0.68569,0.605213,0.278542,0.68569,0.672475,0.278542,-0.68569,0.672475,0.142003,0.68569,0.713889,0.142003,-0.68569,0.713889,0,0.68569,0.727866,0,-0.68569,0.727866,-0.142003,0.68569,0.713889,-0.142003,-0.68569,0.713889,-0.278542,0.68569,0.672475,-0.278542,-0.68569,0.672475,-0.40437,0.68569,0.605213,-0.40437,-0.68569,0.605213,-0.514664,0.68569,0.514695,-0.514664,-0.68569,0.514695,-0.605213,0.68569,0.40437,-0.605213,-0.68569,0.40437,-0.672475,0.68569,0.278542,-0.672475,-0.68569,0.278542,-0.713889,0.68569,0.142003,-0.713889,-0.68569,0.141972,-0.727866,0.68569,0,-0.727866,-0.68569,0,-0.713889,0.68569,-0.141972,-0.713889,-0.68569,-0.141972,-0.672475,0.68569,-0.278542,-0.672475,-0.68569,-0.278542,-0.605213,0.68569,-0.40437,-0.605213,-0.68569,-0.40437,-0.514695,0.68569,-0.514664,-0.514695,-0.68569,-0.514664,-0.40437,0.68569,-0.605213,-0.40437,-0.68569,-0.605213,-0.278542,0.68569,-0.672475,-0.278542,-0.68569,-0.672475,-0.142003,0.68569,-0.713889,-0.142003,-0.68569,-0.713889,0.577349,0.577349,0.577349,0.577349,0.577349,-0.577349,0.577349,-0.577349,0.577349,0.577349,-0.577349,-0.577349,-0.514664,-0.68569,-0.514664,-0.514664,0.68569,-0.514664,-0.713889,-0.68569,-0.142003,-0.713889,0.68569,-0.142003,-0.713889,-0.68569,0.142003,-0.514664,-0.68569,0.514664,-0.514664,0.68569,0.514664,0.514664,-0.68569,0.514664,0.514664,0.68569,0.514664,0.514664,-0.68569,-0.514664,0.514664,0.68569,-0.514664],
    "vertices": [-3.15247,4.7878,-1.0363,-3.15247,4.7878,-0.693025,-3.15247,6.7878,-1.0363,-3.15247,6.7878,-0.693025,-4.89163,6.7878,-0.693025,-4.89163,6.7878,-1.0363,-6.89163,6.7878,-1.0363,-6.89163,6.7878,-0.693025,-4.89163,4.7878,-0.693025,-4.89163,4.7878,-1.0363,-6.89163,4.7878,-1.0363,-6.89163,4.7878,-0.693025,-7.0855,-0.336217,-1.06375,-7.0855,6.79253,-1.06375,-7.03908,-0.336217,-1.05918,-7.03908,6.79253,-1.05918,-6.99445,-0.336217,-1.04564,-6.99445,6.79253,-1.04564,-6.95331,-0.336217,-1.02365,-6.95331,6.79253,-1.02365,-6.91726,-0.336217,-0.994061,-6.91726,6.79253,-0.994061,-6.88767,-0.336217,-0.958005,-6.88767,6.79253,-0.958006,-6.86568,-0.336217,-0.91687,-6.86568,6.79253,-0.91687,-6.85214,-0.336217,-0.872235,-6.85214,6.79253,-0.872235,-6.84757,-0.336217,-0.825817,-6.84757,6.79253,-0.825817,-6.85214,-0.336217,-0.779398,-6.85214,6.79253,-0.779398,-6.86568,-0.336217,-0.734764,-6.86568,6.79253,-0.734764,-6.88767,-0.336217,-0.693628,-6.88767,6.79253,-0.693628,-6.91726,-0.336217,-0.657572,-6.91726,6.79253,-0.657573,-6.95331,-0.336217,-0.627982,-6.95331,6.79253,-0.627982,-6.99445,-0.336217,-0.605995,-6.99445,6.79253,-0.605995,-7.03908,-0.336217,-0.592455,-7.03908,6.79253,-0.592455,-7.0855,-0.336217,-0.587883,-7.0855,6.79253,-0.587883,-7.13192,-0.336217,-0.592455,-7.13192,6.79253,-0.592455,-7.17656,-0.336217,-0.605995,-7.17656,6.79253,-0.605995,-7.21769,-0.336217,-0.627982,-7.21769,6.79253,-0.627982,-7.25375,-0.336217,-0.657572,-7.25375,6.79253,-0.657573,-7.28334,-0.336217,-0.693628,-7.28334,6.79253,-0.693628,-7.30532,-0.336217,-0.734764,-7.30532,6.79253,-0.734764,-7.31886,-0.336217,-0.779398,-7.31886,6.79253,-0.779399,-7.32343,-0.336217,-0.825817,-7.32343,6.79253,-0.825817,-7.31886,-0.336217,-0.872235,-7.31886,6.79253,-0.872236,-7.30532,-0.336217,-0.91687,-7.30532,6.79253,-0.91687,-7.28334,-0.336217,-0.958006,-7.28334,6.79253,-0.958006,-7.25375,-0.336217,-0.994061,-7.25375,6.79253,-0.994061,-7.21769,-0.336217,-1.02365,-7.21769,6.79253,-1.02365,-7.17655,-0.336217,-1.04564,-7.17655,6.79253,-1.04564,-7.13192,-0.336217,-1.05918,-7.13192,6.79253,-1.05918,-0.737294,4.7878,-1.0363,-0.737294,4.7878,-0.693025,-0.737294,6.7878,-1.0363,-0.737294,6.7878,-0.693025,1.00186,6.7878,-0.693025,1.00186,6.7878,-1.0363,3.00186,6.7878,-1.0363,3.00186,6.7878,-0.693025,1.00186,4.7878,-0.693025,1.00186,4.7878,-1.0363,3.00186,4.7878,-1.0363,3.00186,4.7878,-0.693025,3.19573,-0.336217,-1.06375,3.19573,6.79253,-1.06375,3.14932,-0.336217,-1.05918,3.14932,6.79253,-1.05918,3.10468,-0.336217,-1.04564,3.10468,6.79253,-1.04564,3.06355,-0.336217,-1.02365,3.06355,6.79253,-1.02365,3.02749,-0.336217,-0.994061,3.02749,6.79253,-0.994061,2.9979,-0.336217,-0.958005,2.9979,6.79253,-0.958006,2.97591,-0.336217,-0.91687,2.97591,6.79253,-0.91687,2.96237,-0.336217,-0.872235,2.96237,6.79253,-0.872235,2.9578,-0.336217,-0.825817,2.9578,6.79253,-0.825817,2.96237,-0.336217,-0.779398,2.96237,6.79253,-0.779398,2.97591,-0.336217,-0.734764,2.97591,6.79253,-0.734764,2.9979,-0.336217,-0.693628,2.9979,6.79253,-0.693628,3.02749,-0.336217,-0.657572,3.02749,6.79253,-0.657573,3.06355,-0.336217,-0.627982,3.06355,6.79253,-0.627982,3.10468,-0.336217,-0.605995,3.10468,6.79253,-0.605995,3.14932,-0.336217,-0.592455,3.14932,6.79253,-0.592455,3.19573,-0.336217,-0.587883,3.19573,6.79253,-0.587883,3.24215,-0.336217,-0.592455,3.24215,6.79253,-0.592455,3.28679,-0.336217,-0.605995,3.28679,6.79253,-0.605995,3.32792,-0.336217,-0.627982,3.32792,6.79253,-0.627982,3.36398,-0.336217,-0.657572,3.36398,6.79253,-0.657573,3.39357,-0.336217,-0.693628,3.39357,6.79253,-0.693628,3.41556,-0.336217,-0.734764,3.41556,6.79253,-0.734764,3.4291,-0.336217,-0.779398,3.4291,6.79253,-0.779399,3.43367,-0.336217,-0.825817,3.43367,6.79253,-0.825817,3.4291,-0.336217,-0.872235,3.4291,6.79253,-0.872236,3.41556,-0.336217,-0.91687,3.41556,6.79253,-0.91687,3.39357,-0.336217,-0.958006,3.39357,6.79253,-0.958006,3.36398,-0.336217,-0.994061,3.36398,6.79253,-0.994061,3.32792,-0.336217,-1.02365,3.32792,6.79253,-1.02365,3.28679,-0.336217,-1.04564,3.28679,6.79253,-1.04564,3.24215,-0.336217,-1.05918,3.24215,6.79253,-1.05918],
    "name": "Cube.001Geometry",