{
    "vertices": [-1.06108,0.891403,0.351269,0.15703,0.672,0.817428,0.962914,0.147575,-0.462382,-0.419311,-0.003834,-0.850649,-1.35694,-0.00383,-3e-06,-0.323237,0.03936,0.82084,1.09779,-0.003834,0.525725,0,-0.003834,0,-1.09272,0.770155,-0.544636,0.03855,0.734981,-0.757828,1.12951,0.61247,0.020119,-0.293853,1.15544,-0.139305,1.39086,0.237756,-0.302495,1.41451,0.214462,0.325105,0.268953,0.141928,-0.697021,-1.04406,-0.003834,-0.499997,-0.246463,-0.003834,-0.499995,-0.913103,0.055043,0.459365,-0.796801,-0.00348,-0.000245,0.642041,-0.000219,-0.309821,1.29041,-0.003707,-3.6e-05,0.398801,-0.003834,0.809012,0.645262,-0.003834,0.309011,-0.241961,-0.00181,0.498598,0.004487,0.213541,0.998608,0.811395,0.220704,0.814887,-1.41369,0.254722,0.280833,-0.686767,0.303676,0.745421,-0.891736,0.211524,-0.809017,-1.44402,0.246765,-0.331392,0.586017,0.411212,-0.619304,-0.058809,0.191199,-0.938568,0.358655,0.693628,0.500251,-0.403859,0.851003,0.677072,-1.2836,0.988586,-0.134033,-0.472079,0.822872,-0.818816,0.490054,0.71734,-0.343431,-0.139689,0.956794,0.321687,0.113928,0.955063,0.001232,-0.607826,1.19582,0.022805,-0.650707,1.04201,-0.38051,-0.15624,1.10557,-0.526216],
    "materials": [{
        "DbgName": "Stein.mittel2",
        "DbgIndex": 0,
        "wireframe": false,
        "transparent": false,
        "colorEmissive": [0,0,0],
        "visible": true,
        "shading": "lambert",
        "opacity": 1,
        "DbgColor": 15658734,
        "depthTest": true,
        "colorDiffuse": [0.134359,0.134359,0.134359],
        "blending": "NormalBlending",
        "depthWrite": true,
        "colorAmbient": [0.134359,0.134359,0.134359]
    }],
    "normals": [0.000977,-0.999969,0.000122,0.071108,-0.994812,-0.072451,0.091006,-0.963012,-0.253517,-0.000458,-0.999969,-0.001953,-0.042604,-0.997284,0.059572,0.42262,-0.771416,0.475661,0.514786,-0.849208,-0.117344,0.906034,0.059755,0.418928,-0.015473,-0.99884,0.04532,-0.248939,-0.74752,0.615802,0.109958,-0.836909,0.536149,-0.046937,-0.145695,0.988189,-0.592639,-0.800745,0.086764,-0.31019,-0.812647,0.493301,-0.835627,-0.157567,0.52617,-0.044038,-0.768487,-0.638325,-0.342021,-0.863796,-0.369854,-0.440291,-0.211097,-0.872646,0.325175,-0.534104,-0.780358,0.327494,-0.68984,-0.645619,0.438643,0.298654,-0.84756,0.471389,0.108249,0.87524,-0.455,-0.055116,0.88876,-0.899686,-0.177923,-0.398602,0.225196,-0.280251,-0.933103,0.817286,-0.008118,-0.576128,0.234321,0.667257,0.706992,0.401074,0.838008,0.369884,0.278695,0.898343,0.339518,-0.518326,0.591174,0.617908,-0.120365,0.669515,0.732933,-0.074435,0.990997,0.111057,-0.537522,0.480087,-0.693228,-0.708304,0.699637,-0.093661,-0.224311,0.879757,-0.419111,0.362682,0.477828,-0.800043,-0.144169,0.510269,-0.847804,0.208197,0.888211,-0.409497,0.544298,0.83871,0.015809,0.444136,0.792352,-0.418195,0.396954,0.90875,0.128666,0.178076,0.983886,0.015137],
    "uvs": [],
    "metadata": {
        "type": "Geometry",
        "materials": 1,
        "normals": 42,
        "vertices": 42,
        "uvs": 0,
        "generator": "io_three",
        "faces": 80,
        "version": 3
    },
    "name": "CubeGeometry.1",
    "faces": [34,7,16,19,0,0,1,2,34,7,22,23,0,0,3,4,34,6,20,13,0,5,6,7,34,7,23,18,0,0,4,8,34,6,22,20,0,5,3,6,34,7,18,16,0,0,8,1,34,5,21,24,0,9,10,11,34,4,17,26,0,12,13,14,34,3,15,28,0,15,16,17,34,2,14,30,0,18,19,20,34,6,13,25,0,5,7,21,34,5,24,27,0,9,11,22,34,4,26,29,0,12,14,23,34,3,28,31,0,15,17,24,34,2,30,12,0,18,20,25,34,1,32,37,0,26,27,28,34,0,33,39,0,29,30,31,34,8,34,40,0,32,33,34,34,9,35,41,0,35,36,37,34,10,36,38,0,38,39,40,34,19,14,2,0,2,19,18,34,19,16,14,0,2,1,19,34,16,3,14,0,1,15,19,34,23,21,5,0,4,10,9,34,23,22,21,0,4,3,10,34,22,6,21,0,3,5,10,34,13,12,10,0,7,25,38,34,13,20,12,0,7,6,25,34,20,2,12,0,6,18,25,34,18,17,4,0,8,13,12,34,18,23,17,0,8,4,13,34,23,5,17,0,4,9,13,34,20,19,2,0,6,2,18,34,20,22,19,0,6,3,2,34,22,7,19,0,3,0,2,34,16,15,3,0,1,16,15,34,16,18,15,0,1,8,16,34,18,4,15,0,8,12,16,34,24,25,1,0,11,21,26,34,24,21,25,0,11,10,21,34,21,6,25,0,10,5,21,34,26,27,0,0,14,22,29,34,26,17,27,0,14,13,22,34,17,5,27,0,13,9,22,34,28,29,8,0,17,23,32,34,28,15,29,0,17,16,23,34,15,4,29,0,16,12,23,34,30,31,9,0,20,24,35,34,30,14,31,0,20,19,24,34,14,3,31,0,19,15,24,34,25,32,1,0,21,27,26,34,25,13,32,0,21,7,27,34,13,10,32,0,7,38,27,34,27,33,0,0,22,30,29,34,27,24,33,0,22,11,30,34,24,1,33,0,11,26,30,34,29,34,8,0,23,33,32,34,29,26,34,0,23,14,33,34,26,0,34,0,14,29,33,34,31,35,9,0,24,36,35,34,31,28,35,0,24,17,36,34,28,8,35,0,17,32,36,34,12,36,10,0,25,39,38,34,12,30,36,0,25,20,39,34,30,9,36,0,20,35,39,34,37,38,11,0,28,40,41,34,37,32,38,0,28,27,40,34,32,10,38,0,27,38,40,34,39,37,11,0,31,28,41,34,39,33,37,0,31,30,28,34,33,1,37,0,30,26,28,34,40,39,11,0,34,31,41,34,40,34,39,0,34,33,31,34,34,0,39,0,33,29,31,34,41,40,11,0,37,34,41,34,41,35,40,0,37,36,34,34,35,8,40,0,36,32,34,34,38,41,11,0,40,37,41,34,38,36,41,0,40,39,37,34,36,9,41,0,39,35,37]
}