{
    "uvs": [],
    "metadata": {
        "generator": "io_three",
        "uvs": 0,
        "type": "Geometry",
        "normals": 37,
        "vertices": 42,
        "version": 3,
        "faces": 80
    },
    "normals": [0,-1,0,0.59917,-0.739311,0.307199,0.494247,-0.860653,0.122227,0.900906,0.013367,0.43379,-0.237159,-0.757561,0.608112,0.222114,-0.801477,0.555193,0.041261,-0.221717,0.974212,-0.659749,-0.751457,0,-0.524094,-0.793695,0.308725,-0.953337,-0.152043,0.260689,-0.237159,-0.757561,-0.608112,-0.524094,-0.793695,-0.308725,-0.584063,-0.126591,-0.801752,0.427015,-0.826533,-0.36668,0.222114,-0.801477,-0.555193,0.558397,-0.041414,-0.828516,0.629109,-0.144078,0.763817,-0.658895,-0.173711,0.731895,-0.954192,-0.211463,-0.211524,0.027955,-0.013855,-0.999512,0.967406,-0.184576,-0.173284,0.625751,0.589343,0.510941,0.830744,0.469344,0.299234,0.132603,0.95291,0.272652,-0.760979,0.515244,0.394177,-0.056642,0.49443,0.867336,-0.486892,0.86816,0.095981,-0.808008,0.243019,-0.536668,-0.91171,0.410077,-0.024628,-0.485733,0.822657,-0.295389,0.357707,0.455,-0.815455,-0.076052,0.626759,-0.775475,0.197119,0.980132,0.02121,0.898129,0.435072,0.063326,0.616932,0.538774,-0.573656,0.573443,0.802881,0.162755,-0.297952,0.937071,0.18189],
    "name": "IcosphereGeometry",
    "vertices": [0,-0.508351,0,0.837463,-0.508351,0.751676,-0.319876,-0.508351,1.21625,-1.03516,-0.508351,0,-0.319876,-0.508351,-1.21625,0.837463,-0.508351,-0.751676,0.63126,0.902264,1.14372,-0.964201,0.759661,0.769907,-1.08336,0.424271,-0.889841,0.432061,0.543939,-1.01028,1.03516,0.63581,-0,-0.021592,1.33005,-0.083303,-0.188017,-0.508351,0.714887,0.492245,-0.508351,0.441821,0.30423,-0.508351,1.15671,0.984493,-0.508351,0,0.492245,-0.508351,-0.441821,-0.608451,-0.508351,0,-0.796473,-0.508351,0.71489,-0.188017,-0.508351,-0.714887,-0.796473,-0.508351,-0.71489,0.30423,-0.508351,-1.15671,0.9545,0.035642,0.760342,1.39124,-0.149353,-0.392917,0,-0.087564,1.42979,0.680271,-0.087564,1.15672,-1.1007,-0.087564,0.441823,-0.680271,-0.087564,1.15672,-0.680271,-0.087564,-1.15672,-1.1007,-0.087564,-0.441823,0.680271,-0.087564,-1.15672,0,-0.087564,-1.42979,0.796473,0.762817,0.71489,-0.043785,0.826431,1.54646,-1.08713,0.589684,-0.017006,-0.188678,0.919815,-1.04401,0.796473,0.762817,-0.71489,0.327455,1.03744,0.778728,0.608451,1.28837,-0,-0.71563,0.969777,0.313347,-0.486799,1.06533,-0.595803,0.37337,1.49719,-0.197092],
    "faces": [32,0,13,12,0,0,0,32,1,13,15,1,0,2,32,0,12,17,0,0,0,32,0,17,19,0,0,0,32,0,19,16,0,0,0,32,1,15,22,1,2,3,32,2,14,24,4,5,6,32,3,18,26,7,8,9,32,4,20,28,10,11,12,32,5,21,30,13,14,15,32,1,22,25,1,3,16,32,2,24,27,4,6,17,32,3,26,29,7,9,18,32,4,28,31,10,12,19,32,5,30,23,13,15,20,32,6,32,37,21,22,23,32,7,33,39,24,25,26,32,8,34,40,27,28,29,32,9,35,41,30,31,32,32,10,36,38,33,34,35,32,12,14,2,0,5,4,32,12,13,14,0,0,5,32,13,1,14,0,1,5,32,15,16,5,2,0,13,32,15,13,16,2,0,0,32,13,0,16,0,0,0,32,17,18,3,0,8,7,32,17,12,18,0,0,8,32,12,2,18,0,4,8,32,19,20,4,0,11,10,32,19,17,20,0,0,11,32,17,3,20,0,7,11,32,16,21,5,0,14,13,32,16,19,21,0,0,14,32,19,4,21,0,10,14,32,22,23,10,3,20,33,32,22,15,23,3,2,20,32,15,5,23,2,13,20,32,24,25,6,6,16,21,32,24,14,25,6,5,16,32,14,1,25,5,1,16,32,26,27,7,9,17,24,32,26,18,27,9,8,17,32,18,2,27,8,4,17,32,28,29,8,12,18,27,32,28,20,29,12,11,18,32,20,3,29,11,7,18,32,30,31,9,15,19,30,32,30,21,31,15,14,19,32,21,4,31,14,10,19,32,25,32,6,16,22,21,32,25,22,32,16,3,22,32,22,10,32,3,33,22,32,27,33,7,17,25,24,32,27,24,33,17,6,25,32,24,6,33,6,21,25,32,29,34,8,18,28,27,32,29,26,34,18,9,28,32,26,7,34,9,24,28,32,31,35,9,19,31,30,32,31,28,35,19,12,31,32,28,8,35,12,27,31,32,23,36,10,20,34,33,32,23,30,36,20,15,34,32,30,9,36,15,30,34,32,37,38,11,23,35,36,32,37,32,38,23,22,35,32,32,10,38,22,33,35,32,39,37,11,26,23,36,32,39,33,37,26,25,23,32,33,6,37,25,21,23,32,40,39,11,29,26,36,32,40,34,39,29,28,26,32,34,7,39,28,24,26,32,41,40,11,32,29,36,32,41,35,40,32,31,29,32,35,8,40,31,27,29,32,38,41,11,35,32,36,32,38,36,41,35,34,32,32,36,9,41,34,30,32]
}