{
    "vertices": [0,-0.518442,-0.034229,0.723607,-0.518442,0.758479,-0.276388,-0.518442,1.24841,-0.894426,-0.518442,-0.034229,-0.276388,-0.44722,-1.31687,0.723607,-0.44722,-0.826937,0.324544,0.179233,0.967933,-0.533349,0.444626,0.66641,-0.457931,0.640781,-1.01142,0.276388,0.133657,-1.99549,0.894426,0.133653,-0.034229,0.117717,0.371576,-0.211341,-0.162456,-0.518442,0.719682,0.425323,-0.518442,0.43171,0.262869,-0.518442,1.18563,0.850648,-0.518442,-0.034229,0.425323,-0.518442,-0.500168,-0.52573,-0.518442,-0.034229,-0.688189,-0.518442,0.719685,-0.162456,-0.518442,-0.78814,-0.688189,-0.525736,-0.788143,0.262869,-0.525738,-1.25409,1.10619,0,0.431711,0.970917,0.0635,-1.00177,-0.050661,-0.187372,1.54357,0.587786,0,1.18564,-0.952974,0.172163,0.594535,-0.587786,0,1.18564,-0.758681,-0.144617,-1.20057,-0.951058,-0,-0.50017,0.587786,-0,-1.93272,0,-0.313563,-2.22069,0.688189,0.212174,0.719685,-0.262869,0.212175,1.18563,-0.952627,0.39352,-0.029823,-0.262869,0.212175,-1.93271,0.861557,0.212174,-0.329578,0.07435,0.461357,0.719682,0.52573,0.323876,-0.034229,-0.425323,0.537091,0.43171,-0.234298,0.599492,-1.17187,-0.09933,0.618017,-1.46676],
    "normals": [0,-1,0,0.536973,-0.778222,0.325541,0.56859,-0.821619,-0.039918,0.001434,-0.999969,0.002777,-0.015717,-0.998962,-0.042177,0.060823,-0.99762,-0.032014,0.9494,0.240547,0.201819,-0.323405,-0.786309,0.526414,0.306986,-0.809595,0.50029,0.009156,0.021607,0.999695,-0.683706,-0.729698,0.006745,-0.570421,-0.774407,0.273598,-0.892239,0.280465,0.353862,-0.312326,-0.915769,-0.25251,-0.515641,-0.829066,-0.216132,-0.888211,-0.162236,-0.429792,0.576159,-0.793298,-0.196661,0.192572,-0.958556,-0.209845,0.781518,0.125492,-0.611103,0.568285,0.329081,0.754143,-0.687551,0.188055,0.701346,-0.97412,0.041536,-0.222114,-0.09711,-0.460311,-0.882412,0.888028,0.354015,-0.293283,0.234809,0.796045,0.557787,0.468062,0.831782,0.298318,0.186377,0.938017,0.292123,-0.301462,0.867153,0.396405,-0.112033,0.750267,0.651509,-0.087741,0.986145,0.140568,-0.276772,0.96057,-0.025636,-0.796442,0.604663,-0.007691,-0.011628,0.995666,-0.092135,0.300668,0.647847,-0.699911,-0.518235,0.4597,-0.721152,-0.06531,0.94882,-0.308939,0.529771,0.846858,0.046388,0.639515,0.768395,0.022736,0.309976,0.949614,0.0459,0.193487,0.978545,0.070376],
    "metadata": {
        "vertices": 42,
        "version": 3,
        "normals": 40,
        "generator": "io_three",
        "type": "Geometry",
        "uvs": 0,
        "faces": 80
    },
    "name": "Icosphere.002Geometry",
    "uvs": [],
    "faces": [32,0,13,12,0,0,0,32,1,13,15,1,0,2,32,0,12,17,0,0,3,32,0,17,19,0,3,4,32,0,19,16,0,4,5,32,1,15,22,1,2,6,32,2,14,24,7,8,9,32,3,18,26,10,11,12,32,4,20,28,13,14,15,32,5,21,30,16,17,18,32,1,22,25,1,6,19,32,2,24,27,7,9,20,32,3,26,29,10,12,21,32,4,28,31,13,15,22,32,5,30,23,16,18,23,32,6,32,37,24,25,26,32,7,33,39,27,28,29,32,8,34,40,30,31,32,32,9,35,41,33,34,35,32,10,36,38,36,37,38,32,12,14,2,0,8,7,32,12,13,14,0,0,8,32,13,1,14,0,1,8,32,15,16,5,2,5,16,32,15,13,16,2,0,5,32,13,0,16,0,0,5,32,17,18,3,3,11,10,32,17,12,18,3,0,11,32,12,2,18,0,7,11,32,19,20,4,4,14,13,32,19,17,20,4,3,14,32,17,3,20,3,10,14,32,16,21,5,5,17,16,32,16,19,21,5,4,17,32,19,4,21,4,13,17,32,22,23,10,6,23,36,32,22,15,23,6,2,23,32,15,5,23,2,16,23,32,24,25,6,9,19,24,32,24,14,25,9,8,19,32,14,1,25,8,1,19,32,26,27,7,12,20,27,32,26,18,27,12,11,20,32,18,2,27,11,7,20,32,28,29,8,15,21,30,32,28,20,29,15,14,21,32,20,3,29,14,10,21,32,30,31,9,18,22,33,32,30,21,31,18,17,22,32,21,4,31,17,13,22,32,25,32,6,19,25,24,32,25,22,32,19,6,25,32,22,10,32,6,36,25,32,27,33,7,20,28,27,32,27,24,33,20,9,28,32,24,6,33,9,24,28,32,29,34,8,21,31,30,32,29,26,34,21,12,31,32,26,7,34,12,27,31,32,31,35,9,22,34,33,32,31,28,35,22,15,34,32,28,8,35,15,30,34,32,23,36,10,23,37,36,32,23,30,36,23,18,37,32,30,9,36,18,33,37,32,37,38,11,26,38,39,32,37,32,38,26,25,38,32,32,10,38,25,36,38,32,39,37,11,29,26,39,32,39,33,37,29,28,26,32,33,6,37,28,24,26,32,40,39,11,32,29,39,32,40,34,39,32,31,29,32,34,7,39,31,27,29,32,41,40,11,35,32,39,32,41,35,40,35,34,32,32,35,8,40,34,30,32,32,38,41,11,38,35,39,32,38,36,41,38,37,35,32,36,9,41,37,33,35]
}