{
    "normals": [0,-1,0,0.536973,-0.778222,0.325541,0.56859,-0.821619,-0.039918,0.001434,-0.999969,0.002777,-0.015717,-0.998962,-0.042177,0.060823,-0.99762,-0.032014,0.9494,0.240547,0.201819,-0.323405,-0.786309,0.526414,0.306986,-0.809595,0.50029,0.009156,0.021607,0.999695,-0.683706,-0.729698,0.006745,-0.570421,-0.774407,0.273598,-0.892239,0.280465,0.353862,-0.312326,-0.915769,-0.25251,-0.515641,-0.829066,-0.216132,-0.888211,-0.162236,-0.429792,0.576159,-0.793298,-0.196661,0.192572,-0.958556,-0.209845,0.781518,0.125492,-0.611103,0.568285,0.329081,0.754143,-0.687551,0.188055,0.701346,-0.97412,0.041536,-0.222114,-0.09711,-0.460311,-0.882412,0.888028,0.354015,-0.293283,0.234809,0.796045,0.557787,0.468062,0.831782,0.298318,0.186377,0.938017,0.292123,-0.301462,0.867153,0.396405,-0.112033,0.750267,0.651509,-0.087741,0.986145,0.140568,-0.276772,0.96057,-0.025636,-0.796442,0.604663,-0.007691,-0.011628,0.995666,-0.092135,0.300668,0.647847,-0.699911,-0.518235,0.4597,-0.721152,-0.06531,0.94882,-0.308939,0.529771,0.846858,0.046388,0.639515,0.768395,0.022736,0.309976,0.949614,0.0459,0.193487,0.978545,0.070376],
    "faces": [34,0,13,12,0,0,0,0,34,1,13,15,0,1,0,2,34,0,12,17,0,0,0,3,34,0,17,19,0,0,3,4,34,0,19,16,0,0,4,5,34,1,15,22,0,1,2,6,34,2,14,24,0,7,8,9,34,3,18,26,0,10,11,12,34,4,20,28,0,13,14,15,34,5,21,30,0,16,17,18,34,1,22,25,0,1,6,19,34,2,24,27,0,7,9,20,34,3,26,29,0,10,12,21,34,4,28,31,0,13,15,22,34,5,30,23,0,16,18,23,34,6,32,37,0,24,25,26,34,7,33,39,0,27,28,29,34,8,34,40,0,30,31,32,34,9,35,41,0,33,34,35,34,10,36,38,0,36,37,38,34,12,14,2,0,0,8,7,34,12,13,14,0,0,0,8,34,13,1,14,0,0,1,8,34,15,16,5,0,2,5,16,34,15,13,16,0,2,0,5,34,13,0,16,0,0,0,5,34,17,18,3,0,3,11,10,34,17,12,18,0,3,0,11,34,12,2,18,0,0,7,11,34,19,20,4,0,4,14,13,34,19,17,20,0,4,3,14,34,17,3,20,0,3,10,14,34,16,21,5,0,5,17,16,34,16,19,21,0,5,4,17,34,19,4,21,0,4,13,17,34,22,23,10,0,6,23,36,34,22,15,23,0,6,2,23,34,15,5,23,0,2,16,23,34,24,25,6,0,9,19,24,34,24,14,25,0,9,8,19,34,14,1,25,0,8,1,19,34,26,27,7,0,12,20,27,34,26,18,27,0,12,11,20,34,18,2,27,0,11,7,20,34,28,29,8,0,15,21,30,34,28,20,29,0,15,14,21,34,20,3,29,0,14,10,21,34,30,31,9,0,18,22,33,34,30,21,31,0,18,17,22,34,21,4,31,0,17,13,22,34,25,32,6,0,19,25,24,34,25,22,32,0,19,6,25,34,22,10,32,0,6,36,25,34,27,33,7,0,20,28,27,34,27,24,33,0,20,9,28,34,24,6,33,0,9,24,28,34,29,34,8,0,21,31,30,34,29,26,34,0,21,12,31,34,26,7,34,0,12,27,31,34,31,35,9,0,22,34,33,34,31,28,35,0,22,15,34,34,28,8,35,0,15,30,34,34,23,36,10,0,23,37,36,34,23,30,36,0,23,18,37,34,30,9,36,0,18,33,37,34,37,38,11,0,26,38,39,34,37,32,38,0,26,25,38,34,32,10,38,0,25,36,38,34,39,37,11,0,29,26,39,34,39,33,37,0,29,28,26,34,33,6,37,0,28,24,26,34,40,39,11,0,32,29,39,34,40,34,39,0,32,31,29,34,34,7,39,0,31,27,29,34,41,40,11,0,35,32,39,34,41,35,40,0,35,34,32,34,35,8,40,0,34,30,32,34,38,41,11,0,38,35,39,34,38,36,41,0,38,37,35,34,36,9,41,0,37,33,35],
    "materials": [{
        "visible": true,
        "colorAmbient": [0.186412,0.186412,0.186412],
        "blending": "NormalBlending",
        "transparent": false,
        "depthWrite": true,
        "DbgName": "Stein.hell",
        "opacity": 1,
        "DbgColor": 15658734,
        "colorEmissive": [0,0,0],
        "wireframe": false,
        "colorDiffuse": [0.186412,0.186412,0.186412],
        "shading": "lambert",
        "depthTest": true,
        "DbgIndex": 0
    }],
    "vertices": [0,-0.013473,-0.034229,0.723607,-0.013473,0.758479,-0.276388,-0.013473,1.24841,-0.894426,-0.013473,-0.034229,-0.276388,0.057749,-1.31687,0.723607,0.057749,-0.826937,0.324544,0.684201,0.967933,-0.533349,0.949594,0.66641,-0.457931,1.14575,-1.01142,0.276388,0.638626,-1.99549,0.894426,0.638622,-0.034229,0.117717,0.876545,-0.211341,-0.162456,-0.013473,0.719682,0.425323,-0.013473,0.43171,0.262869,-0.013473,1.18563,0.850648,-0.013473,-0.034229,0.425323,-0.013473,-0.500168,-0.52573,-0.013473,-0.034229,-0.688189,-0.013473,0.719685,-0.162456,-0.013473,-0.78814,-0.688189,-0.020768,-0.788143,0.262869,-0.020769,-1.25409,1.10619,0.504969,0.431711,0.970917,0.568468,-1.00177,-0.050661,0.317597,1.54357,0.587786,0.504969,1.18564,-0.952974,0.677132,0.594535,-0.587786,0.504969,1.18564,-0.758681,0.360351,-1.20057,-0.951058,0.504969,-0.50017,0.587786,0.504969,-1.93272,0,0.191406,-2.22069,0.688189,0.717142,0.719685,-0.262869,0.717144,1.18563,-0.952627,0.898489,-0.029823,-0.262869,0.717143,-1.93271,0.861557,0.717142,-0.329578,0.07435,0.966326,0.719682,0.52573,0.828845,-0.034229,-0.425323,1.04206,0.43171,-0.234298,1.10446,-1.17187,-0.09933,1.12299,-1.46676],
    "name": "Icosphere.002Geometry",
    "metadata": {
        "type": "Geometry",
        "normals": 40,
        "generator": "io_three",
        "vertices": 42,
        "version": 3,
        "faces": 80,
        "materials": 1,
        "uvs": 0
    },
    "uvs": []
}