{
    "uvs": [],
    "name": "CubeGeometry",
    "normals": [0.000977,-0.999969,0.000122,0.071108,-0.994812,-0.072451,0.091006,-0.963012,-0.253517,-0.000458,-0.999969,-0.001953,-0.042604,-0.997284,0.059572,0.42262,-0.771416,0.475661,0.514786,-0.849208,-0.117344,0.906034,0.059755,0.418928,-0.015473,-0.99884,0.04532,-0.248939,-0.74752,0.615802,0.109958,-0.836909,0.536149,-0.046937,-0.145695,0.988189,-0.592639,-0.800745,0.086764,-0.31019,-0.812647,0.493301,-0.835627,-0.157567,0.52617,-0.044038,-0.768487,-0.638325,-0.342021,-0.863796,-0.369854,-0.440291,-0.211097,-0.872646,0.325175,-0.534104,-0.780358,0.327494,-0.68984,-0.645619,0.438643,0.298654,-0.84756,0.471389,0.108249,0.87524,-0.455,-0.055116,0.88876,-0.899686,-0.177923,-0.398602,0.225196,-0.280251,-0.933103,0.817286,-0.008118,-0.576128,0.234321,0.667257,0.706992,0.401074,0.838008,0.369884,0.278695,0.898343,0.339518,-0.518326,0.591174,0.617908,-0.120365,0.669515,0.732933,-0.074435,0.990997,0.111057,-0.537522,0.480087,-0.693228,-0.708304,0.699637,-0.093661,-0.224311,0.879757,-0.419111,0.362682,0.477828,-0.800043,-0.144169,0.510269,-0.847804,0.208197,0.888211,-0.409497,0.544298,0.83871,0.015809,0.444136,0.792352,-0.418195,0.396954,0.90875,0.128666,0.178076,0.983886,0.015137],
    "faces": [32,7,16,19,0,1,2,32,7,22,23,0,3,4,32,6,20,13,5,6,7,32,7,23,18,0,4,8,32,6,22,20,5,3,6,32,7,18,16,0,8,1,32,5,21,24,9,10,11,32,4,17,26,12,13,14,32,3,15,28,15,16,17,32,2,14,30,18,19,20,32,6,13,25,5,7,21,32,5,24,27,9,11,22,32,4,26,29,12,14,23,32,3,28,31,15,17,24,32,2,30,12,18,20,25,32,1,32,37,26,27,28,32,0,33,39,29,30,31,32,8,34,40,32,33,34,32,9,35,41,35,36,37,32,10,36,38,38,39,40,32,19,14,2,2,19,18,32,19,16,14,2,1,19,32,16,3,14,1,15,19,32,23,21,5,4,10,9,32,23,22,21,4,3,10,32,22,6,21,3,5,10,32,13,12,10,7,25,38,32,13,20,12,7,6,25,32,20,2,12,6,18,25,32,18,17,4,8,13,12,32,18,23,17,8,4,13,32,23,5,17,4,9,13,32,20,19,2,6,2,18,32,20,22,19,6,3,2,32,22,7,19,3,0,2,32,16,15,3,1,16,15,32,16,18,15,1,8,16,32,18,4,15,8,12,16,32,24,25,1,11,21,26,32,24,21,25,11,10,21,32,21,6,25,10,5,21,32,26,27,0,14,22,29,32,26,17,27,14,13,22,32,17,5,27,13,9,22,32,28,29,8,17,23,32,32,28,15,29,17,16,23,32,15,4,29,16,12,23,32,30,31,9,20,24,35,32,30,14,31,20,19,24,32,14,3,31,19,15,24,32,25,32,1,21,27,26,32,25,13,32,21,7,27,32,13,10,32,7,38,27,32,27,33,0,22,30,29,32,27,24,33,22,11,30,32,24,1,33,11,26,30,32,29,34,8,23,33,32,32,29,26,34,23,14,33,32,26,0,34,14,29,33,32,31,35,9,24,36,35,32,31,28,35,24,17,36,32,28,8,35,17,32,36,32,12,36,10,25,39,38,32,12,30,36,25,20,39,32,30,9,36,20,35,39,32,37,38,11,28,40,41,32,37,32,38,28,27,40,32,32,10,38,27,38,40,32,39,37,11,31,28,41,32,39,33,37,31,30,28,32,33,1,37,30,26,28,32,40,39,11,34,31,41,32,40,34,39,34,33,31,32,34,0,39,33,29,31,32,41,40,11,37,34,41,32,41,35,40,37,36,34,32,35,8,40,36,32,34,32,38,41,11,40,37,41,32,38,36,41,40,39,37,32,36,9,41,39,35,37],
    "vertices": [-1.06108,0.573051,0.351269,0.15703,0.353648,0.817428,0.962914,-0.170777,-0.462382,-0.419311,-0.322186,-0.850649,-1.35694,-0.322182,-3e-06,-0.323237,-0.278992,0.82084,1.09779,-0.322186,0.525725,0,-0.322186,0,-1.09272,0.451803,-0.544636,0.03855,0.41663,-0.757828,1.12951,0.294118,0.020119,-0.293853,0.837091,-0.139305,1.39086,-0.080595,-0.302495,1.41451,-0.10389,0.325105,0.268953,-0.176424,-0.697021,-1.04406,-0.322186,-0.499997,-0.246463,-0.322186,-0.499995,-0.913103,-0.263309,0.459365,-0.796801,-0.321831,-0.000245,0.642041,-0.318571,-0.309821,1.29041,-0.322058,-3.6e-05,0.398801,-0.322186,0.809012,0.645262,-0.322186,0.309011,-0.241961,-0.320162,0.498598,0.004487,-0.104811,0.998608,0.811395,-0.097648,0.814887,-1.41369,-0.063629,0.280833,-0.686767,-0.014676,0.745421,-0.891736,-0.106828,-0.809017,-1.44402,-0.071587,-0.331392,0.586017,0.092861,-0.619304,-0.058809,-0.127153,-0.938568,0.358655,0.375276,0.500251,-0.403859,0.532651,0.677072,-1.2836,0.670234,-0.134033,-0.472079,0.504521,-0.818816,0.490054,0.398988,-0.343431,-0.139689,0.638443,0.321687,0.113928,0.636711,0.001233,-0.607826,0.877463,0.022805,-0.650707,0.723655,-0.38051,-0.15624,0.787218,-0.526216],
    "metadata": {
        "uvs": 0,
        "vertices": 42,
        "generator": "io_three",
        "normals": 42,
        "faces": 80,
        "version": 3,
        "type": "Geometry"
    }
}