{
    "name": "Cylinder.001Geometry",
    "metadata": {
        "version": 3,
        "uvs": 0,
        "type": "Geometry",
        "vertices": 24,
        "normals": 24,
        "faces": 28,
        "generator": "io_three"
    },
    "uvs": [],
    "normals": [0,0.37608,-0.926572,0,0,-1,0.707083,0,-0.707083,0.655171,0.37608,-0.655171,1,0,0,0.926572,0.37608,0,0.712851,-0.043519,0.699942,0.663167,0.358226,0.657125,0.009705,-0.131169,0.991302,0.005066,0.315714,0.94882,-0.684774,-0.110416,0.720328,-0.679189,0.330668,0.655232,-0.999817,-0.017914,-0.003571,-0.929502,0.368725,-0.001648,-0.655171,0.37608,-0.655171,-0.707083,0,-0.707083,0,-0.630238,-0.77636,-0.77636,-0.630238,0,-0.548967,-0.630238,-0.548967,0,-0.630238,0.77636,-0.548967,-0.630238,0.548967,0.77636,-0.630238,0,0.548967,-0.630238,0.548967,0.548967,-0.630238,-0.548967],
    "faces": [33,16,1,3,17,0,1,2,3,33,17,3,5,18,3,2,4,5,33,18,5,7,19,5,4,6,7,33,19,7,9,20,7,6,8,9,33,20,9,11,21,9,8,10,11,33,21,11,13,22,11,10,12,13,32,22,16,23,13,0,14,32,18,17,16,5,3,0,32,20,19,18,9,7,5,32,22,21,20,13,11,9,32,22,18,16,13,5,0,32,22,20,18,13,9,5,33,23,15,1,16,14,15,1,0,33,22,13,15,23,13,12,15,14,32,0,12,14,16,17,18,32,8,10,12,19,20,17,32,4,6,8,21,22,19,32,0,2,4,16,23,21,32,0,8,12,16,19,17,32,0,4,8,16,21,19,33,12,22,23,14,17,13,14,18,33,16,0,14,23,0,16,18,14,33,10,21,22,12,20,11,13,17,33,8,20,21,10,19,9,11,20,33,6,19,20,8,22,7,9,19,33,4,18,19,6,21,5,7,22,33,2,17,18,4,23,3,5,21,33,0,16,17,2,16,0,3,23],
    "vertices": [-0.065315,-0.014221,-1.24796,-0.065315,2.60466,-1.24796,0.633054,-0.014221,-0.958686,0.633054,2.60466,-0.958686,0.922328,-0.014221,-0.260317,0.922328,2.60466,-0.260317,0.633054,-0.014221,0.438052,0.633054,2.60466,0.438052,-0.065315,-0.014221,0.727326,-0.065315,2.60466,0.75527,-0.763684,-0.014221,0.438052,-0.763684,2.60466,0.465996,-1.05296,-0.014221,-0.260317,-1.05296,2.60466,-0.260317,-0.763684,-0.014221,-0.958686,-0.763684,2.60466,-0.958686,-0.065315,2.44627,-1.24796,0.633054,2.44627,-0.958686,0.922328,2.44627,-0.260317,0.633054,2.44627,0.438052,-0.065315,2.44627,0.727326,-0.763684,2.44627,0.438052,-1.05296,2.44627,-0.260317,-0.763684,2.44627,-0.958686]
}