{
    "metadata": {
        "type": "Geometry",
        "generator": "io_three",
        "vertices": 82,
        "materials": 2,
        "uvs": 0,
        "version": 3,
        "faces": 124,
        "normals": 82
    },
    "name": "CylinderGeometry",
    "materials": [{
        "depthWrite": true,
        "wireframe": false,
        "colorAmbient": [0.037753,0.152142,0.00462],
        "colorEmissive": [0,0,0],
        "opacity": 1,
        "transparent": false,
        "DbgColor": 15597568,
        "shading": "lambert",
        "depthTest": true,
        "DbgIndex": 1,
        "blending": "NormalBlending",
        "DbgName": "Blaetter",
        "colorDiffuse": [0.037753,0.152142,0.00462],
        "visible": true
    },{
        "depthWrite": true,
        "wireframe": false,
        "colorAmbient": [0.11392,0.043599,0.017881],
        "colorEmissive": [0,0,0],
        "opacity": 1,
        "transparent": false,
        "DbgColor": 15658734,
        "shading": "lambert",
        "depthTest": true,
        "DbgIndex": 0,
        "blending": "NormalBlending",
        "DbgName": "Stamm2",
        "colorDiffuse": [0.11392,0.043599,0.017881],
        "visible": true
    }],
    "vertices": [0,4.65988,-0,2.04906,6.74241,1.75363,-0.92193,6.99384,3.06006,-2.64555,6.74564,-0,-0.92193,6.99383,-2.49241,2.41369,6.99384,-1.75363,0.660223,9.75736,2.83746,-2.41369,9.97736,1.75363,-1.94107,9.92201,-1.64325,0.92193,9.97736,-2.83746,2.82575,9.97735,-0,0,11.6422,-1e-06,-0.541893,5.52402,1.6678,1.05983,5.3967,1.03075,0.876835,6.73193,2.69857,2.83745,6.73194,-0,1.41872,5.64813,-1.03075,-1.75364,5.64813,-0,-2.29555,6.73193,1.66781,-0.541893,5.64813,-1.6678,-2.04394,6.73193,-1.45567,0.876835,6.73193,-2.69857,2.91451,8.4856,1.03075,3.17238,8.4856,-1.03075,0,8.4856,3.33564,1.53058,8.4856,2.69859,-3.17238,8.4856,1.03075,-1.96064,8.4856,2.69859,-1.96064,8.4856,-2.69859,-2.84116,8.4856,-1.03075,1.96064,8.4856,-2.69859,0,8.4856,-3.33564,1.96124,10.2393,1.66781,-0.876835,10.2393,2.69857,-2.83745,10.2393,-0,-0.876835,10.2393,-2.69857,2.29555,10.2393,-1.66781,0.541893,11.3231,1.6678,1.75364,11.1184,-0,-1.41872,11.0097,1.03075,-1.06579,11.3231,-1.03075,0.541893,11.3231,-1.6678,0,0.031428,-0.641868,-0,8.17416,-0.374953,0.453869,0.031428,-0.453869,0.265132,8.17416,-0.265132,0.641868,0.031428,0,0.374953,8.17416,-0,0.453869,0.031428,0.453869,0.265132,8.17416,0.265132,-0,0.031428,0.641868,-0,8.17416,0.374953,-0.453869,0.031428,0.453869,-0.265132,8.17416,0.265132,-0.641868,0.031428,-0,-0.374953,8.17416,-0,-0.453869,0.031428,-0.453869,-0.265132,8.17416,-0.265132,-0.067775,2.11687,-0.546591,0.090365,3.91267,-0.546192,-0,5.70847,-0.503107,0.35575,5.70847,-0.35575,0.469873,3.98433,-0.386216,0.318723,2.11687,-0.386498,0.503107,5.70847,-0,0.627071,4.01402,-0,0.478816,2.11687,-0,0.35575,5.70847,0.35575,0.469873,3.98433,0.386215,0.318723,2.11687,0.386498,-0,5.70847,0.503106,0.090364,3.91267,0.546191,-0.067775,2.11687,0.546591,-0.35575,5.70847,0.35575,-0.289144,3.84101,0.386215,-0.454273,2.11687,0.386498,-0.503107,5.70847,-0,-0.446342,3.81132,-0,-0.614365,2.11687,-0,-0.35575,5.70847,-0.35575,-0.289144,3.841,-0.386216,-0.454273,2.11687,-0.386498],
    "faces": [34,0,13,12,0,0,1,2,34,1,13,15,0,3,1,4,34,0,12,17,0,0,2,5,34,0,17,19,0,0,5,6,34,0,19,16,0,0,6,7,34,1,15,22,0,3,4,8,34,2,14,24,0,9,10,11,34,3,18,26,0,12,13,14,34,4,20,28,0,15,16,17,34,5,21,30,0,18,19,20,34,1,22,25,0,3,8,21,34,2,24,27,0,9,11,22,34,3,26,29,0,12,14,23,34,4,28,31,0,15,17,24,34,5,30,23,0,18,20,25,34,6,32,37,0,26,27,28,34,7,33,39,0,29,30,31,34,8,34,40,0,32,33,34,34,9,35,41,0,35,36,37,34,10,36,38,0,38,39,40,34,12,14,2,0,2,10,9,34,12,13,14,0,2,1,10,34,13,1,14,0,1,3,10,34,15,16,5,0,4,7,18,34,15,13,16,0,4,1,7,34,13,0,16,0,1,0,7,34,17,18,3,0,5,13,12,34,17,12,18,0,5,2,13,34,12,2,18,0,2,9,13,34,19,20,4,0,6,16,15,34,19,17,20,0,6,5,16,34,17,3,20,0,5,12,16,34,16,21,5,0,7,19,18,34,16,19,21,0,7,6,19,34,19,4,21,0,6,15,19,34,22,23,10,0,8,25,38,34,22,15,23,0,8,4,25,34,15,5,23,0,4,18,25,34,24,25,6,0,11,21,26,34,24,14,25,0,11,10,21,34,14,1,25,0,10,3,21,34,26,27,7,0,14,22,29,34,26,18,27,0,14,13,22,34,18,2,27,0,13,9,22,34,28,29,8,0,17,23,32,34,28,20,29,0,17,16,23,34,20,3,29,0,16,12,23,34,30,31,9,0,20,24,35,34,30,21,31,0,20,19,24,34,21,4,31,0,19,15,24,34,25,32,6,0,21,27,26,34,25,22,32,0,21,8,27,34,22,10,32,0,8,38,27,34,27,33,7,0,22,30,29,34,27,24,33,0,22,11,30,34,24,6,33,0,11,26,30,34,29,34,8,0,23,33,32,34,29,26,34,0,23,14,33,34,26,7,34,0,14,29,33,34,31,35,9,0,24,36,35,34,31,28,35,0,24,17,36,34,28,8,35,0,17,32,36,34,23,36,10,0,25,39,38,34,23,30,36,0,25,20,39,34,30,9,36,0,20,35,39,34,37,38,11,0,28,40,41,34,37,32,38,0,28,27,40,34,32,10,38,0,27,38,40,34,39,37,11,0,31,28,41,34,39,33,37,0,31,30,28,34,33,6,37,0,30,26,28,34,40,39,11,0,34,31,41,34,40,34,39,0,34,33,31,34,34,7,39,0,33,29,31,34,41,40,11,0,37,34,41,34,41,35,40,0,37,36,34,34,35,8,40,0,36,32,34,34,38,41,11,0,40,37,41,34,38,36,41,0,40,39,37,34,36,9,41,0,39,35,37,35,60,43,45,61,1,42,43,44,45,35,61,45,47,64,1,45,44,46,47,35,64,47,49,67,1,47,46,48,49,35,67,49,51,70,1,49,48,50,51,35,70,51,53,73,1,51,50,52,53,35,73,53,55,76,1,53,52,54,55,34,45,49,47,1,44,48,46,34,53,51,49,1,52,50,48,34,57,55,53,1,56,54,52,34,45,43,57,1,44,43,56,34,45,53,49,1,44,52,48,34,45,57,53,1,44,56,52,35,79,57,43,60,1,57,56,43,42,35,76,55,57,79,1,55,54,56,57,34,42,54,56,1,58,59,60,34,50,52,54,1,61,62,59,34,46,48,50,1,63,64,61,34,42,44,46,1,58,65,63,34,42,50,54,1,58,61,59,34,42,46,50,1,58,63,61,35,42,58,63,44,1,58,66,67,65,35,58,59,62,63,1,66,68,69,67,35,59,60,61,62,1,68,42,45,69,35,44,63,66,46,1,65,67,70,63,35,63,62,65,66,1,67,69,71,70,35,62,61,64,65,1,69,45,47,71,35,46,66,69,48,1,63,70,72,64,35,66,65,68,69,1,70,71,73,72,35,65,64,67,68,1,71,47,49,73,35,48,69,72,50,1,64,72,74,61,35,69,68,71,72,1,72,73,75,74,35,68,67,70,71,1,73,49,51,75,35,50,72,75,52,1,61,74,76,62,35,72,71,74,75,1,74,75,77,76,35,71,70,73,74,1,75,51,53,77,35,52,75,78,54,1,62,76,78,59,35,75,74,77,78,1,76,77,79,78,35,74,73,76,77,1,77,53,55,79,35,56,81,58,42,1,60,80,66,58,35,81,80,59,58,1,80,81,68,66,35,80,79,60,59,1,81,57,42,68,35,54,78,81,56,1,59,78,80,60,35,78,77,80,81,1,78,79,81,80,35,77,76,79,80,1,79,55,57,81],