{
    "faces": [34,0,13,12,0,0,0,0,34,1,13,15,0,1,0,2,34,0,12,17,0,0,0,0,34,0,17,19,0,0,0,0,34,0,19,16,0,0,0,0,34,1,15,22,0,1,2,3,34,2,14,24,0,4,5,6,34,3,18,26,0,7,8,9,34,4,20,28,0,10,11,12,34,5,21,30,0,13,14,15,34,1,22,25,0,1,3,16,34,2,24,27,0,4,6,17,34,3,26,29,0,7,9,18,34,4,28,31,0,10,12,19,34,5,30,23,0,13,15,20,34,6,32,37,0,21,22,23,34,7,33,39,0,24,25,26,34,8,34,40,0,27,28,29,34,9,35,41,0,30,31,32,34,10,36,38,0,33,34,35,34,12,14,2,0,0,5,4,34,12,13,14,0,0,0,5,34,13,1,14,0,0,1,5,34,15,16,5,0,2,0,13,34,15,13,16,0,2,0,0,34,13,0,16,0,0,0,0,34,17,18,3,0,0,8,7,34,17,12,18,0,0,0,8,34,12,2,18,0,0,4,8,34,19,20,4,0,0,11,10,34,19,17,20,0,0,0,11,34,17,3,20,0,0,7,11,34,16,21,5,0,0,14,13,34,16,19,21,0,0,0,14,34,19,4,21,0,0,10,14,34,22,23,10,0,3,20,33,34,22,15,23,0,3,2,20,34,15,5,23,0,2,13,20,34,24,25,6,0,6,16,21,34,24,14,25,0,6,5,16,34,14,1,25,0,5,1,16,34,26,27,7,0,9,17,24,34,26,18,27,0,9,8,17,34,18,2,27,0,8,4,17,34,28,29,8,0,12,18,27,34,28,20,29,0,12,11,18,34,20,3,29,0,11,7,18,34,30,31,9,0,15,19,30,34,30,21,31,0,15,14,19,34,21,4,31,0,14,10,19,34,25,32,6,0,16,22,21,34,25,22,32,0,16,3,22,34,22,10,32,0,3,33,22,34,27,33,7,0,17,25,24,34,27,24,33,0,17,6,25,34,24,6,33,0,6,21,25,34,29,34,8,0,18,28,27,34,29,26,34,0,18,9,28,34,26,7,34,0,9,24,28,34,31,35,9,0,19,31,30,34,31,28,35,0,19,12,31,34,28,8,35,0,12,27,31,34,23,36,10,0,20,34,33,34,23,30,36,0,20,15,34,34,30,9,36,0,15,30,34,34,37,38,11,0,23,35,36,34,37,32,38,0,23,22,35,34,32,10,38,0,22,33,35,34,39,37,11,0,26,23,36,34,39,33,37,0,26,25,23,34,33,6,37,0,25,21,23,34,40,39,11,0,29,26,36,34,40,34,39,0,29,28,26,34,34,7,39,0,28,24,26,34,41,40,11,0,32,29,36,34,41,35,40,0,32,31,29,34,35,8,40,0,31,27,29,34,38,41,11,0,35,32,36,34,38,36,41,0,35,34,32,34,36,9,41,0,34,30,32],
    "uvs": [],
    "name": "IcosphereGeometry",
    "normals": [0,-1,0,0.59917,-0.739311,0.307199,0.494247,-0.860653,0.122227,0.900906,0.013367,0.43379,-0.237159,-0.757561,0.608112,0.222114,-0.801477,0.555193,0.041261,-0.221717,0.974212,-0.659749,-0.751457,0,-0.524094,-0.793695,0.308725,-0.953337,-0.152043,0.260689,-0.237159,-0.757561,-0.608112,-0.524094,-0.793695,-0.308725,-0.584063,-0.126591,-0.801752,0.427015,-0.826533,-0.36668,0.222114,-0.801477,-0.555193,0.558397,-0.041414,-0.828516,0.629109,-0.144078,0.763817,-0.658895,-0.173711,0.731895,-0.954192,-0.211463,-0.211524,0.027955,-0.013855,-0.999512,0.967406,-0.184576,-0.173284,0.625751,0.589343,0.510941,0.830744,0.469344,0.299234,0.132603,0.95291,0.272652,-0.760979,0.515244,0.394177,-0.056642,0.49443,0.867336,-0.486892,0.86816,0.095981,-0.808008,0.243019,-0.536668,-0.91171,0.410077,-0.024628,-0.485733,0.822657,-0.295389,0.357707,0.455,-0.815455,-0.076052,0.626759,-0.775475,0.197119,0.980132,0.02121,0.898129,0.435072,0.063326,0.616932,0.538774,-0.573656,0.573443,0.802881,0.162755,-0.297952,0.937071,0.18189],
    "materials": [{
        "transparent": false,
        "depthWrite": true,
        "wireframe": false,
        "blending": "NormalBlending",
        "colorAmbient": [0.041774,0.041774,0.041774],
        "depthTest": true,
        "DbgName": "Stein.dunkel",
        "opacity": 1,
        "colorDiffuse": [0.041774,0.041774,0.041774],
        "colorEmissive": [0,0,0],
        "DbgIndex": 0,
        "DbgColor": 15658734,
        "shading": "lambert",
        "visible": true
    }],
    "vertices": [0,-0.017768,0,0.837463,-0.017768,0.751676,-0.319876,-0.017768,1.21625,-1.03516,-0.017768,0,-0.319876,-0.017768,-1.21625,0.837463,-0.017768,-0.751676,0.63126,1.39285,1.14372,-0.964201,1.25024,0.769907,-1.08336,0.914855,-0.889841,0.432061,1.03452,-1.01028,1.03516,1.12639,-0,-0.021592,1.82064,-0.083303,-0.188017,-0.017768,0.714887,0.492245,-0.017768,0.441821,0.30423,-0.017768,1.15671,0.984493,-0.017768,0,0.492245,-0.017768,-0.441821,-0.608451,-0.017768,0,-0.796473,-0.017768,0.71489,-0.188017,-0.017768,-0.714887,-0.796473,-0.017768,-0.71489,0.30423,-0.017768,-1.15671,0.9545,0.526225,0.760342,1.39124,0.341231,-0.392917,0,0.40302,1.42979,0.680271,0.40302,1.15672,-1.1007,0.40302,0.441822,-0.680271,0.40302,1.15672,-0.680271,0.40302,-1.15672,-1.1007,0.40302,-0.441823,0.680271,0.40302,-1.15672,0,0.40302,-1.42979,0.796473,1.2534,0.71489,-0.043785,1.31701,1.54646,-1.08713,1.08027,-0.017006,-0.188678,1.4104,-1.04401,0.796473,1.2534,-0.71489,0.327455,1.52802,0.778728,0.608451,1.77895,-0,-0.71563,1.46036,0.313347,-0.486799,1.55592,-0.595803,0.37337,1.98777,-0.197092],
    "metadata": {
        "version": 3,
        "faces": 80,
        "uvs": 0,
        "generator": "io_three",
        "materials": 1,
        "vertices": 42,
        "type": "Geometry",
        "normals": 37
    }
}